{
  "train_losses": [
    7.804555296707038,
    3.638483226272725,
    2.8778321142147076,
    2.2492232746605625,
    1.9976502781621388,
    1.7363232044299692,
    1.5839977608478188,
    1.3661869763050922,
    1.241886980246448,
    1.107263602349266,
    1.1520770984196644,
    0.9178693313795246,
    0.9269717963054116,
    1.0277537857282713,
    0.8681786070011451,
    0.796891996186399,
    0.9392362901486427,
    0.8281558050420006,
    0.6737957563855926,
    0.6736023964919469,
    0.7019615913869633,
    0.6570096203210265,
    0.5854839132750531,
    0.6904255658343846,
    0.563770449194043,
    0.596031522779502,
    0.5639739553181344,
    0.5518341601389445,
    0.5699630262581917,
    0.5965422658851078,
    0.548806748077,
    0.4906314759122338,
    0.47411850184466664,
    0.5299519722504061,
    0.48496157187528033,
    0.5393010553861446,
    0.5477600172982727,
    0.45116855412869994,
    0.49793540609462583,
    0.45410573145769834,
    0.514598634352246,
    0.3388138769306758,
    0.30950773188035563,
    0.4134606746480734,
    0.5281725591702844,
    0.5395837939768994,
    0.43678155634231663,
    0.3292120391456068,
    0.3131889999170026,
    0.4327123561088112
  ],
  "val_losses": [
    0.2886785651217901,
    0.21325759147996873,
    0.2400369368821618,
    0.31344668484771393,
    0.37200970309704434,
    0.21251302347678155,
    0.29360464574389344,
    0.3306104811505789,
    0.2038303036503444,
    0.42646100488120137,
    0.551545828240655,
    0.33152231924443737,
    0.31546166605141174,
    0.35684086855429953,
    0.4909998214793928,
    0.3302699454194107,
    0.42741761755796487,
    0.3404596615935183,
    0.36408342732355753,
    0.4721408232906455,
    0.49476137303909107,
    0.3465736036497662,
    0.35135316150485124,
    0.4678816318690204,
    0.48225707236686255,
    0.6441315177428514,
    0.4802375511283678,
    0.39386415387335666,
    0.4082992998526315,
    0.48771895702073115,
    0.43501484560008413,
    0.6155909153718391,
    0.46073603885327075,
    0.3827358883467616,
    0.44575436468126717,
    0.7550691749607084,
    0.4683278517911148,
    0.39436876123738207,
    0.42950615650205937,
    0.5986420978200467,
    0.5251234266386301,
    0.47892550951242463,
    0.310238051188939,
    0.43428641794410794,
    0.40303927217480273,
    0.4365012615689735,
    0.5519731773656015,
    0.41131700839749347,
    0.4005174032084958,
    0.5161989912981502
  ]
}