{
  "train_losses": [
    12.100718368362385,
    6.447765076108868,
    4.946949763375942,
    4.40165139364364,
    3.765326004042845,
    3.5763929102142313,
    3.23317443890907,
    2.92589506314972,
    2.81373625242443,
    2.53461993268428,
    2.5087899230528174,
    2.455884342605092,
    2.4310402504650828,
    2.190187689889078,
    2.052799236896261,
    1.9685505430294021,
    1.9260276616606429,
    1.8055630064067028,
    1.7832044531752698,
    1.7911607524706568,
    1.697476114742543,
    1.744673746455303,
    1.7259308230559245,
    1.6683995647489656,
    1.5190784355424038,
    1.569316066554189,
    1.3474954329249944,
    1.3812637365833713,
    1.328818630242521,
    1.4149052000563032,
    1.4138380347311457,
    1.3773924816914336,
    1.3111115613798159,
    1.456474800975326,
    1.3434338675997197,
    1.1683996284114,
    1.2756297569755244,
    1.2853954760439434,
    1.1336851007146067,
    1.1561183059191944,
    1.0449315879701149,
    1.2139080329423542,
    1.154591166456133,
    1.1282739512589326,
    1.0838823232032957,
    1.0300476787131791,
    1.0336201059875256,
    1.0803664704089107,
    1.0600901678031946,
    1.044153658389852
  ],
  "val_losses": [
    0.3419244854378647,
    0.29283335834775476,
    0.3128489395738049,
    0.2936019237811282,
    0.41983514517148524,
    0.3033230294885536,
    0.26416585074947124,
    0.2583324890181067,
    0.28866520118830774,
    0.2967043013078738,
    0.3237013310342231,
    0.2981886126044352,
    0.40648523767979616,
    0.27934560993346014,
    0.2467986984524553,
    0.35598706570729977,
    0.356388907430232,
    0.29383632566531087,
    0.42014029026495664,
    0.32855587165022376,
    0.6119011848353871,
    0.45982187841286315,
    0.5512486894516464,
    0.4504986323908954,
    0.37280696481539255,
    0.6200460402667299,
    0.3879633695245519,
    0.7204406463480989,
    0.47700360535687525,
    0.386565166199857,
    0.530404186780258,
    0.2672042652730613,
    0.5694310702966704,
    0.49522174448258865,
    0.42282022629190424,
    0.4071702611580165,
    0.3544733316029921,
    0.4602021718072231,
    0.323710787419147,
    0.5182115139466349,
    0.37299448905272786,
    0.534738176416775,
    0.530945337678935,
    0.42710790569769985,
    0.42606440843067706,
    0.5824477127933129,
    0.6008261912296308,
    0.37070177429555295,
    0.5618612918694486,
    0.5812257674929613
  ]
}